Risk group,Size,IFR,RR Infection,Natural immune,Coverage target
HWs,135000,0.00136,2,40,90
Police & Military,49000,0.00136,2,40,90
60+,1644000,0.0181,1,20,80
UHC 20-60,4047000,0.00272,1,20,70
Healthy 20-59,10328000,0.00136,1,20,70