Risk group,Size,IFR,RR Infection,Natural immune,Coverage target
HWs,135000,0.00136,2,0.4,0.9
Police & Military,49000,0.00136,2,0.4,0.9
60+,1644000,0.0181,1,0.2,0.8
UHC 20-60,4047000,0.00272,1,0.2,0.7
Healthy 20-59,10328000,0.00136,1,0.2,0.7